Category,Sub Category,Title,Description,Quantity,Type,Price,Shipping Profile,Offerable,Hazmat,Condition,Cost Per Item,SKU,Image URL 1,Image URL 2,Image URL 3,Image URL 4,Image URL 5,Image URL 6,Image URL 7,Image URL 8
Beauty,Fragrances,ASDAAF - Ameerat al Arab 50ml,"- ASDAAF - Ameerat al Arab 50ml est un eau de parfum au caractère olfactif oriental floral musqué.
- Ce parfum s'ouvre sur des notes fruitées et fraîches de miel, d'oranges et de notes vertes, offrant une sensation douce et vivifiante. Son cœur dévoile un bouquet floral riche composé de jasmin et de tubéreuse, apportant une touche féminine et élégante. En fond, des accords chaleureux de vanille, d'orris et de bois de santal se mêlent pour créer une profondeur boisée et veloutée.
- Genre et personnalité du parfum : féminin, élégant, raffiné.
- Occasion et type de personne : convient aux moments spéciaux et aux soirées romantiques, idéal pour les femmes appréciant les fragrances orientales sophistiquées.

- Note de tête : miel, oranges, notes vertes
- Note de cœur : jasmin, tubéreuse
- Note de fond : vanille, orris, bois de santal

Fabricant

- Asdaaf

Adresse : Emirates Industrial City, Al Sajaa Industrial Area
Sharjah, Émirats Arabes Unis

Email : 
Email (commercial) :",0,Auction,20,20 to <100 grams,,Not Hazmat,New,,,,,,,,,,
Beauty,Fragrances,Ayat - Jumrah Coffee – Eau de Parfum Unisexe 100 ml | Café Gourmand Épicé & Vanille Crémeuse – Parfum Oriental Chaleureux & Addictif,"- Jumrah Coffee – Eau de Parfum Unisexe 100 ml | Café Gourmand Épicé & Vanille Crémeuse – Parfum Oriental Chaleureux & Addictif est un eau de parfum au caractère olfactif oriental, chaleureux et addictif.
- Cette fragrance s'ouvre sur des notes épicées de cannelle, cardamome et gingembre, offrant une sensation de chaleur et d'énergie. Le cœur dévoile des accords gourmands de praliné, fruits confits et fleurs blanches, apportant douceur et élégance. En fond, la vanille, le café, la fève tonka, le benjoin et le musc se mêlent pour créer une base riche et envoûtante.
- Genre et personnalité du parfum : mixte, chaleureux, addictif.
- Occasion et type de personne : soirées, profils raffinés.

Note de tête : cannelle, cardamome, gingembre  
Note de cœur : praliné, fruits confits, fleurs blanches  
Note de fond : vanille, café, fève tonka, benjoin, musc

Fabricant

Ayat Perfumes  
Shamma Plaza 3 - Alcornich Shop 5 Al Khor Street Dubai United Arab Emirates  
Contact : (+33) 761 482020 | contact@ayatperfumes.fr",14,Auction,19,20 to <100 grams,,Not Hazmat,New,,,,,,,,,,
Beauty,Fragrances,CP - Black op,,86,Auction,1,20 to <100 grams,,Not Hazmat,New,,,,,,,,,,
Beauty,Fragrances,CP - Invictus,"- CP - Invictus 100 ml Paco Rabanne est un parfum au caractère olfactif aromatique aquatique.

Ce parfum s'ouvre sur des notes marines fraîches, suivies de la lavande et du poivre rose, offrant une sensation de fraîcheur vivifiante. Le cœur dévoile des accords de savon, de feuille de violette et de myrte, apportant une dimension propre et élégante. En fond, le musc, le bois de cachemire et le bois de santal confèrent chaleur et profondeur à la composition.

Genre et personnalité du parfum : masculin, élégant, énergique.

Occasion et type de personne : quotidien, homme dynamique.

Note de tête : notes marines, lavande, poivre rose.

Note de cœur : savon, feuille de violette, myrte.

Note de fond : musc, bois de cachemire, bois de santal.

Fabricant

Paco Rabanne

adresse du fabricant à ajouter

[numéro de téléphone à ajouter] | [adresse email à ajouter]",900,Auction,9,20 to <100 grams,,Not Hazmat,New,,,,,,,,,,
Beauty,Fragrances,CP - Jadore,,180,Auction,1,20 to <100 grams,,Not Hazmat,New,,,,,,,,,,
Beauty,Fragrances,CP - Kalimat,"- CP - Kalimat 50 ml Note 33 est un extrait de parfum au caractère olfactif oriental.
- Ce parfum dévoile une alliance envoûtante de notes épicées et boisées, offrant une expérience sensorielle riche et profonde.
- Genre et personnalité du parfum : unisexe, épicé, boisé.
- Occasion et type de personne : soirée, profil audacieux.

Note de tête : basilic, encens balsamique.
Note de cœur : vanille sucrée.
Note de fond : oud fumé, ambre.

Fabricant

Note 33
adresse du fabricant à ajouter
[numéro de téléphone à ajouter] | [adresse email à ajouter]",100,Auction,7,20 to <100 grams,,Not Hazmat,New,,,,,,,,,,
Beauty,Fragrances,CP - Khamra,"- CP - Khamra 50ml Collection Privée Paris est un eau de parfum au caractère olfactif oriental épicé.
Ce parfum s'ouvre sur des notes épicées de cannelle et de noix de muscade, suivies d'un cœur gourmand mêlant les arômes riches des dates et du praliné, avec une touche florale subtile de tubéreuse. En fond, des accords profonds de vanille et de fève de tonka apportent une douceur crémeuse, tandis que les notes boisées et résineuses de myrrhe, de benjoin, d'ambre et de bois d'Akigala ajoutent une touche de mystère et de chaleur, créant une empreinte mémorable et sensuelle.

Genre et personnalité du parfum : unisexe, élégant, sophistiqué.

Occasion et type de personne : soirées élégantes, amateurs de parfums orientaux raffinés.

Note de tête : cannelle, noix de muscade, bergamote.

Note de cœur : dattes, praliné, tubéreuse.

Note de fond : vanille, fève de tonka, myrrhe, benjoin, ambre, bois d'Akigala.

Fabricant

Collection Privée Paris

adresse du fabricant à ajouter

[numéro de téléphone à ajouter] | [adresse email à ajouter]",80,Auction,7,20 to <100 grams,,Not Hazmat,New,,,,,,,,,,
Beauty,Fragrances,CP - Krypto,,672,Auction,1,20 to <100 grams,,Not Hazmat,New,,,,,,,,,,
Beauty,Fragrances,CP - La vie,,200,Auction,1,20 to <100 grams,,Not Hazmat,New,,,,,,,,,,
Beauty,Fragrances,CP - Madawi,,80,Auction,1,20 to <100 grams,,Not Hazmat,New,,,,,,,,,,
Beauty,Fragrances,CP - Musc blanc,,200,Auction,1,20 to <100 grams,,Not Hazmat,New,,,,,,,,,,
Beauty,Fragrances,CP - Myway,,83,Auction,1,20 to <100 grams,,Not Hazmat,New,,,,,,,,,,
Beauty,Fragrances,CP - Supreme,,29,Auction,1,20 to <100 grams,,Not Hazmat,New,,,,,,,,,,
Beauty,Fragrances,CP Aicha,"- CP Aicha 50 ml Les Parfums d'Igor est un parfum oriental au caractère olfactif sucré et boisé.

Dès la première vaporisation, ce parfum dévoile des notes fraîches d'essence de bergamote et de citron, apportant une ouverture vive et pétillante. Le cœur de la fragrance s'épanouit avec l'essence de patchouli et l'absolu de fleur d'oranger, offrant une profondeur florale et épicée. En fond, l'ambre et la vanille se mêlent pour créer une base chaleureuse et enveloppante.

Genre et personnalité du parfum : mixte, élégant, captivant.

Occasion et type de personne : convient pour les soirées et occasions spéciales, idéal pour ceux qui recherchent une fragrance orientale moderne et raffinée.

Note de tête : essence de bergamote, essence de citron.

Note de cœur : essence de patchouli, absolu de fleur d'oranger.

Note de fond : ambre, vanille.

Fabricant

Les Parfums d'Igor

adresse du fabricant à ajouter

[numéro de téléphone à ajouter] | [adresse email à ajouter]",300,Auction,7,20 to <100 grams,,Not Hazmat,New,,,,,,,,,,
Beauty,Fragrances,CP Baccarat,"- CP Baccarat 50ml Collection Privée est un eau de parfum au caractère olfactif floral, épicé, ambré et boisé.

Cette fragrance unisexe s'ouvre sur des notes de tête aériennes de jasmin et de safran, suivies d'un cœur chaleureux d'ambre gris et de bois de cèdre, pour se fondre en un fond enveloppant d'ambre gris.

Genre et personnalité du parfum : unisexe, élégant, raffiné.

Occasion et type de personne : soirée, profil sophistiqué.

Note de tête : jasmin, safran.

Note de cœur : ambre gris, bois de cèdre.

Note de fond : ambre gris.

Fabricant

Collection Privée

adresse du fabricant à ajouter

[numéro de téléphone à ajouter] | [adresse email à ajouter]",0,Auction,9,20 to <100 grams,,Not Hazmat,New,,,,,,,,,,
Beauty,Fragrances,CP Blanc - Sucre noir,,81,Auction,1,20 to <100 grams,,Not Hazmat,New,,,,,,,,,,
Beauty,Fragrances,CP Madawi,"- CP blanc - Madawi 50 ml Parfums CP est un extrait de parfum au caractère olfactif fruité et floral.
- Ce parfum s'ouvre sur des notes lumineuses de pêche et de fleur de pommier, suivies d'un cœur exotique de fleur d'ananas, et se termine sur une base douce de musc, rose sauvage et patchouli.
- Genre et personnalité du parfum : mixte, élégant, raffiné.
- Occasion et type de personne : toutes occasions, pour les personnes recherchant une fragrance sophistiquée et unique.

Note de tête : pêche, fleur de pommier
Note de cœur : fleur d'ananas
Note de fond : musc, rose sauvage, patchouli

Fabricant

Parfums CP
adresse du fabricant à ajouter
[numéro de téléphone à ajouter] | [adresse email à ajouter]",29,Auction,9,20 to <100 grams,,Not Hazmat,New,,,,,,,,,,
Beauty,Fragrances,CP blanc - Crême brulée,,10,Auction,1,20 to <100 grams,,Not Hazmat,New,,,,,,,,,,
Beauty,Fragrances,CP blanc - Robe noire,,22,Auction,1,20 to <100 grams,,Not Hazmat,New,,,,,,,,,,
Beauty,Fragrances,French Avenue - Liquid Brun,,36,Auction,43,20 to <100 grams,,Not Hazmat,New,,,,,,,,,,
Beauty,Fragrances,Gris Montaigne - Monaco,"- Gris Montaigne Monaco 75 ml Gris Montaigne est un extrait de parfum au caractère olfactif oriental et gourmand.
- Cette fragrance envoûtante s'ouvre sur des notes sucrées et fruitées, enrichies d'une touche de caramel, offrant une sensation de douceur immédiate. Son cœur dévoile des accords chauds d'ambre, d'épices et de vanille, apportant profondeur et sensualité. Enfin, sa base boisée et balsamique, mêlée de cuir et d'oud, confère au parfum une intensité durable et raffinée.
- Genre et personnalité du parfum : unisexe, élégant, sensuel.
- Occasion et type de personne : soirées spéciales, profils sophistiqués.

- Note de tête : sucré, fruité, caramel.
- Note de cœur : ambre, épicé chaud, vanille.
- Note de fond : boisé balsamique, baumé, cuir, oud.

Fabricant : Maison GRIS MONTAIGNE PARIS
Adresse : 102 Avenue des Champs‑Élysées, 75008 Paris, France
Téléphone : Non communiqué publiquement (à compléter si tu as un numéro direct)
Email : contact@grismontaigne.fr",144,Auction,9,20 to <100 grams,,Not Hazmat,New,,,,,,,,,,
Beauty,Fragrances,Gris Montaigne - Nuage Sucré,"- Gris Montaigne - Nuage Sucré 12ml Gris Montaigne est un parfum au caractère olfactif sucré et gourmand.
- Ce musc blanc délicat enveloppe la peau d'une douceur sucrée, évoquant des souvenirs d'enfance et des moments réconfortants.
- Genre et personnalité du parfum : féminin, doux, réconfortant.
- Occasion et type de personne : quotidien, profil sensible aux senteurs sucrées et légères.

Note de tête : aromatique
Note de cœur : florale
Note de fond : musquée

Fabricant : Maison GRIS MONTAIGNE PARIS
Adresse : 102 Avenue des Champs‑Élysées, 75008 Paris, France
Téléphone : Non communiqué publiquement (à compléter si tu as un numéro direct)
Email : contact@grismontaigne.fr",72,Auction,9,20 to <100 grams,,Not Hazmat,New,,,,,,,,,,
Beauty,Fragrances,Gris Montaigne - Pomme d'amour,"- Gris Montaigne Pomme d'amour 50 ml Gris Montaigne Paris est un parfum au caractère olfactif non renseigné.
Ce parfum offre une expérience sensorielle unique, enveloppant la peau d'une fragrance délicate et envoûtante.

Gourmand, Fruité, Sucré, Caramel

Fabricant

Gris Montaigne Paris
102 avenue des Champs-Élysées 75008 Paris
Contact : +33 6 99 68 92 90 | contact@grismontaigne.fr",40,Auction,9,20 to <100 grams,,Not Hazmat,New,,,,,,,,,,
Beauty,Fragrances,Gris Montaigne - Tahara,"- Musc Tahara 12ml Gris Montaigne est un parfum de peau au caractère olfactif musqué, floral et aromatique.

Ce parfum délicat s'ouvre sur des notes aromatiques fraîches, offrant une sensation de pureté immédiate. Son cœur dévoile des accords floraux subtils, évoquant la tendresse et la féminité. La base est dominée par le musc blanc, apportant une chaleur intime et soyeuse qui reste sur la peau comme une caresse.

Genre et personnalité du parfum : féminin, délicat, raffiné.

Occasion et type de personne : quotidien, profil recherchant une fragrance intime et élégante.

Note de tête : aromatiques fraîches

Note de cœur : accords floraux subtils

Note de fond : musc blanc

Fabricant : Maison GRIS MONTAIGNE PARIS
Adresse : 102 Avenue des Champs‑Élysées, 75008 Paris, France
Téléphone : Non communiqué publiquement (à compléter si tu as un numéro direct)
Email : contact@grismontaigne.fr",72,Auction,9,20 to <100 grams,,Not Hazmat,New,,,,,,,,,,
Beauty,Fragrances,Gris Montaigne - Vanilla Candy,"- Gris Montaigne Vanilla Candy 250 ml Gris Montaigne est une brume parfumée au caractère olfactif sucré et gourmand.
- Cette brume enveloppe délicatement la peau d'un nuage fruité et sucré, alliant l'énergie pétillante des fruits rouges à la douceur fondante de la fraise et à une vanille onctueuse, laissant place à un sillage tendre sublimé par un musc blanc velouté et un caramel ambré.
- Genre et personnalité du parfum : féminin, joyeux, réconfortant.
- Occasion et type de personne : quotidien, profil gourmand.

Note de tête : fruits rouges acidulés, accord bonbon sucré
Note de cœur : fraise juteuse, vanille onctueuse
Note de fond : musc blanc, caramel ambré

Fabricant : Maison GRIS MONTAIGNE PARIS
Adresse : 102 Avenue des Champs‑Élysées, 75008 Paris, France
Téléphone : Non communiqué publiquement (à compléter si tu as un numéro direct)
Email : contact@grismontaigne.fr",72,Auction,9,20 to <100 grams,,Not Hazmat,New,,,,,,,,,,
Beauty,Fragrances,Gris Montaigne - Vanille Bourbon,"- Gris Montaigne Vanille Bourbon 75 ml Gris Montaigne est un parfum au caractère olfactif gourmand et réconfortant.
Cette fragrance enveloppe la peau d'un voile sucré et crémeux, évoquant la tendresse d'un goûter d'enfance.

Genre et personnalité du parfum : féminin, doux, réconfortant.

Occasion et type de personne : moments de détente, profil gourmand.

Note de tête : Crème anglaise à la vanille, Caramel
Note de cœur : Sucre brûlé, Fève de tonka
Note de fond : Lait de coco, Vanille Bourbon

Fabricant : Maison GRIS MONTAIGNE PARIS
Adresse : 102 Avenue des Champs‑Élysées, 75008 Paris, France
Téléphone : Non communiqué publiquement (à compléter si tu as un numéro direct)
Email : contact@grismontaigne.fr",72,Auction,9,20 to <100 grams,,Not Hazmat,New,,,,,,,,,,
Beauty,Fragrances,Lattafa - Asad Bourbon,"- Lattafa Asad Bourbon 100 ml Lattafa Perfumes est un parfum oriental épicé au caractère olfactif chaud et sucré.
- Ce parfum s'ouvre sur des notes de tête de lavande, mirabelle et poivre rose, offrant une entrée fraîche et fruitée. Le cœur dévoile des notes de cacao, noix de muscade et davana, apportant une profondeur chaleureuse et épicée. Enfin, les notes de fond de vanille bourbon, ambre et vétiver confèrent une base douce et boisée, assurant une longue tenue.
- Genre et personnalité du parfum : masculin, élégant, raffiné.
- Occasion et type de personne : soirée, professionnel.

Note de tête : lavande, mirabelle, poivre rose
Note de cœur : cacao, noix de muscade, davana
Note de fond : vanille bourbon, ambre, vétiver

Fabricant

Lattafa Perfumes

Adresse : Emirates Industrial City, Al Sajaa Industrial Area
Sharjah, Émirats Arabes Unis

Email : 
Email (commercial) :",24,Auction,28,20 to <100 grams,,Not Hazmat,New,,,,,,,,,,
Beauty,Fragrances,Lattafa - Asad Elixir,"- Lattafa Asad 100 ml Lattafa est un parfum oriental au caractère olfactif riche et envoûtant.

Ce parfum dévoile une composition complexe où les notes épicées et boisées s'entrelacent harmonieusement, offrant une expérience sensorielle profonde et captivante.

Genre et personnalité du parfum : unisexe, intense, mystérieux.

Occasion et type de personne : soirées élégantes, personnes appréciant les fragrances orientales sophistiquées.

Note de tête : piment, rose, safran.

Note de cœur : oud, patchouli, caramel.

Note de fond : ambre, musc, encens, résines, notes boisées.

Fabricant : Lattafa Perfumes Industries LLC
Adresse : P.O. Box 69793, Dubai, United Arab Emirates
Téléphone : +971 4 267 2233
Email : info@lattafa.com",0,Auction,22,20 to <100 grams,,Not Hazmat,New,,,,,,,,,,
Beauty,Fragrances,Lattafa - Badee Al Oud Amethyst,"- Badee Al Oud Amethyst 100ml Lattafa est un eau de parfum au caractère olfactif oriental floral boisé.
- Ce parfum s'ouvre sur une note épicée de poivre rose, suivie de la fraîcheur de la bergamote. Son cœur dévoile un bouquet floral composé de rose de Turquie, rose bulgare et jasmin, tandis que sa base chaleureuse mêle oud, ambre et vanille.
- Genre et personnalité du parfum : unisexe, élégant, envoûtant.
- Occasion et type de personne : soirées élégantes, profils sophistiqués.

Note de tête : poivre rose, bergamote
Note de cœur : rose de Turquie, rose bulgare, jasmin
Note de fond : oud, ambre, vanille

Fabricant :
Lattafa Perfumes Industries LLC

Adresse :
P.O. Box 69793
Dubai, United Arab Emirates

Téléphone :
+971 4 267 2233

Email :
info@lattafa.com",120,Auction,29,20 to <100 grams,,Not Hazmat,New,,,,,,,,,,
Beauty,Fragrances,Lattafa - Badee Al Oud Honor & Glory,"- Badee Al Oud Honor & Glory 100ml Lattafa Perfumes est un eau de parfum au caractère olfactif oriental, gourmand et épicé.
- Ce parfum s'ouvre sur des notes fruitées et sucrées d'ananas et de crème brûlée, offrant une première impression riche et chaleureuse. Au cœur, des épices telles que la cannelle, le curcuma, le poivre noir et le benjoin apportent profondeur et chaleur, créant une explosion olfactive pleine de caractère. En fond, la vanille veloutée se marie au bois de santal, au bois de cachemire et à la mousse, enveloppant l'atmosphère d'une douceur boisée et sensuelle.
- Genre et personnalité du parfum : mixte, élégant, audacieux.
- Occasion et type de personne : soirées, personnes recherchant une fragrance distinctive et sophistiquée.

Note de tête : ananas, crème brûlée
Note de cœur : cannelle, curcuma, poivre noir, benjoin
Note de fond : vanille, bois de santal, bois de cachemire, mousse

Fabricant :
Lattafa Perfumes Industries LLC

Adresse :
P.O. Box 69793
Dubai, United Arab Emirates

Téléphone :
+971 4 267 2233

Email :
info@lattafa.com",120,Auction,29,20 to <100 grams,,Not Hazmat,New,,,,,,,,,,
Beauty,Fragrances,Lattafa - Badee Al Oud Sublime,"- Badee Al Oud Sublime 100ml Lattafa est un parfum unisexe au caractère olfactif boisé et fruité.
- Ce parfum s'ouvre sur des notes fraîches de pomme, litchi et rose, offrant une entrée fruitée et florale. Le cœur dévoile la prune et le jasmin, apportant une dimension plus ronde et élégante. En fond, la vanille, la mousse et le patchouli confèrent une tenue solide et une signature olfactive distinctive.
- Genre et personnalité du parfum : unisexe, élégant, captivant.
- Occasion et type de personne : toutes saisons, pour ceux qui recherchent une fragrance présente et moderne.

Note de tête : pomme, litchi, rose
Note de cœur : prune, jasmin
Note de fond : vanille, mousse, patchouli

Fabricant :
Lattafa Perfumes Industries LLC

Adresse :
P.O. Box 69793
Dubai, United Arab Emirates

Téléphone :
+971 4 267 2233

Email :
info@lattafa.com",72,Auction,29,20 to <100 grams,,Not Hazmat,New,,,,,,,,,,
Beauty,Fragrances,Lattafa - Désodorisant Fakhar,"- Lattafa - Désodorisant Fakhar 100 ml est un désodorisant au caractère olfactif boisé et floral.
- Ce parfum s'ouvre sur des notes fruitées et florales, offrant une sensation de fraîcheur et de légèreté.
- Genre et personnalité du parfum : unisex, élégant, raffiné.
- Occasion et type de personne : quotidien, personnes recherchant une fragrance subtile et agréable.

Note de tête : pêche, poire, orange, pomme, cassis
Note de cœur : fleur d'oranger, rose, jasmin sambac
Note de fond : vanille, patchouli, bois de santal, musc

Fabricant

Lattafa Perfumes
Emirates Industrial City, Al Sajaa Industrial, Sharjah, Émirats Arabes Unis",0,Auction,3,20 to <100 grams,,Not Hazmat,New,,,,,,,,,,
Beauty,Fragrances,Lattafa - Eclaire pistache,"- Lattaffa - Eclaire Pistache 100 ml Lattafa est un eau de parfum au caractère olfactif gourmand crémeux.
- Ce parfum dévoile une ouverture douce de crème de pistache et de pistaches grillées, évoluant vers un cœur riche de noix de coco, de cacao et de crème fouettée, pour se poser sur une base réconfortante de lait, de vanille et de musc.
- Genre et personnalité du parfum : mixte, doux, raffiné.
- Occasion et type de personne : quotidien, amateur de fragrances gourmandes.

Note de tête : crème de pistache, pistaches grillées  
Note de cœur : noix de coco, cacao, crème fouettée  
Note de fond : lait, vanille, musc

Fabricant

Lattafa Perfumes Industries LLC

Adresse : Emirates Industrial City, Al Sajaa Industrial Area
Sharjah, Émirats Arabes Unis

Email : 
Email (commercial) :",0,Auction,34,20 to <100 grams,,Not Hazmat,New,,,,,,,,,,
Beauty,Fragrances,Lattafa - Khamra,"- Lattafa Khamra 100 ml Lattafa Perfumes est un eau de parfum au caractère olfactif oriental épicé.
- Ce parfum dévoile une ouverture fraîche et épicée avec des notes de bergamote, de cannelle et de noix de muscade, suivie d'un cœur gourmand mêlant dattes, praline, tubéreuse et mahonial. La base offre une chaleur boisée et sucrée grâce à la vanille, au fève tonka, au bois d'ambre, à la myrrhe, au benjoin et à l'Akigalawood.
- Genre et personnalité du parfum : unisexe, chaleureux, raffiné.
- Occasion et type de personne : soirée, profil sophistiqué.

Note de tête : bergamote, cannelle, noix de muscade
Note de cœur : dattes, praline, tubéreuse, mahonial
Note de fond : vanille, fève tonka, bois d'ambre, myrrhe, benjoin, Akigalawood

Fabricant

Lattafa Perfumes
adresse du fabricant à ajouter
[numéro de téléphone à ajouter] | [adresse email à ajouter]",36,Auction,35,20 to <100 grams,,Not Hazmat,New,,,,,,,,,,
Beauty,Fragrances,Lattafa - Khamra Qahwa,"- Lattafa - Khamrah Qahwa 100 ml est un parfum unisexe au caractère olfactif oriental gourmand.
- Ce parfum s'ouvre sur des notes épicées de cannelle, cardamome et gingembre, offrant une sensation chaleureuse et piquante. Le cœur dévoile des accords sucrés de praline, fruits confits et fleurs blanches, apportant une douceur enveloppante. La base est dominée par le café, la vanille, le fève tonka, le benjoin et le musc, créant une profondeur riche et réconfortante.
- Genre et personnalité du parfum : unisexe, chaleureux, réconfortant.
- Occasion et type de personne : soirées d'hiver, moments cocooning, rendez-vous romantiques, idéal pour ceux qui apprécient les parfums sucrés et intenses.

- Note de tête : cannelle, cardamome, gingembre
- Note de cœur : praline, fruits confits, fleurs blanches
- Note de fond : café, vanille, fève tonka, benjoin, musc

Fabricant

- Lattafa Perfumes
- Casablanca, Maroc
- Contact : +212 661-751877 | contact@lattafa.ma",36,Auction,34,20 to <100 grams,,Not Hazmat,New,,,,,,,,,,
Beauty,Fragrances,Lattafa - Qahwa,"- Lattafa - Qawa 100ml est un parfum oriental au caractère olfactif épicé et boisé.

Dès les premières notes, Qawa dévoile une ouverture chaleureuse et épicée, suivie d'un cœur riche et sucré, pour se fondre en un sillage boisé et ambré.

Genre et personnalité du parfum : mixte, chaleureux, envoûtant.

Occasion et type de personne : soirée, profil audacieux.

Note de tête : cannelle, noix de muscade, bergamote.

Note de cœur : dattes, praliné, tubéreuse, mahonial.

Note de fond : vanille, fève de tonka, amberwood, myrrhe, benjoin, bois d’Akigala.

Fabricant

Lattafa Perfumes
Fabricant :
Lattafa Perfumes Industries LLC

Adresse :
P.O. Box 69793
Dubai, United Arab Emirates

Téléphone :
+971 4 267 2233

Email :
info@lattafa.com",36,Auction,34,20 to <100 grams,,Not Hazmat,New,,,,,,,,,,
Beauty,Fragrances,Lattafa - Yara,"- Lattafa - Yara 100 ml est un eau de parfum au caractère olfactif oriental vanillé.

Ce parfum dévoile une composition riche et envoûtante, mêlant des notes florales exotiques à des accords gourmands et boisés. L'ouverture s'exprime par la douceur de l'orchidée et de l'héliotrope, rehaussée d'une touche fruitée de mandarine. Le cœur révèle un accord gourmand fusionnant avec des fruits tropicaux, tandis que le fond s'installe sur des notes chaleureuses de vanille, de musc et de bois de santal.

Genre et personnalité du parfum : féminin, doux, sophistiqué.

Occasion et type de personne : quotidien, profil élégant.

Note de tête : orchidée, héliotrope, mandarine

Note de cœur : accord gourmand, fruits tropicaux

Note de fond : vanille, musc, bois de santal

Fabricant

Lattafa Perfumes

Fabricant :
Lattafa Perfumes Industries LLC

Adresse :
P.O. Box 69793
Dubai, United Arab Emirates

Téléphone :
+971 4 267 2233

Email :
info@lattafa.com",0,Auction,20,20 to <100 grams,,Not Hazmat,New,,,,,,,,,,
Beauty,Fragrances,Lattafa - Yara Candy,"- Lattafa - Yara Candy 100ml est un eau de parfum au caractère olfactif gourmand fruité.
- Ce parfum s'ouvre sur des notes fruitées de mandarine verte et de cassis, évoluant vers un cœur floral de gardénia et de bonbon à la fraise pétillant, pour se conclure sur des accords chaleureux de vanille, musc, ambre et bois de santal.
- Genre et personnalité du parfum : féminin, sucré, élégant.
- Occasion et type de personne : idéal pour les journées ensoleillées, pour les personnes appréciant les fragrances sucrées et sophistiquées.

Note de tête : mandarine verte, cassis
Note de cœur : gardénia, bonbon à la fraise pétillant
Note de fond : vanille, musc, ambre, bois de santal

Fabricant

Lattafa Perfumes Industries LLC

Adresse :
P.O. Box 69793
Dubai, United Arab Emirates

Téléphone :
+971 4 267 2233

Email :
info@lattafa.com",144,Auction,27,20 to <100 grams,,Not Hazmat,New,,,,,,,,,,
Beauty,Fragrances,Lattafa Asad,"- Lattafa Asad 100 ml Lattafa Perfumes est un eau de parfum au caractère olfactif oriental épicé.
- Ce parfum s'ouvre sur une explosion de poivre noir épicé, adouci par la douceur fruitée de l'ananas et la richesse du tabac. Au cœur, le patchouli apporte une profondeur boisée, équilibré par la chaleur du café et la délicatesse de l'iris. En fond, la vanille et l'ambre créent une base chaleureuse et enveloppante, soutenue par des notes boisées sèches, le benjoin et le labdanum.
- Genre et personnalité du parfum : homme, audacieux, sophistiqué.
- Occasion et type de personne : soirée, profil confiant.

Note de tête : poivre noir, ananas, tabac
Note de cœur : patchouli, café, iris
Note de fond : vanille, ambre, bois sec, benjoin, labdanum

Fabricant : Lattafa Perfumes Industries LLC
Adresse : P.O. Box 69793, Dubai, United Arab Emirates
Téléphone : +971 4 267 2233
Email : info@lattafa.com",72,Auction,22,20 to <100 grams,,Not Hazmat,New,,,,,,,,,,
Beauty,Fragrances,Lattafa Eclaire – Eau de Parfum Femme/Unisexe 100 ml | Caramel Lacté & Vanille Gourmande – Meilleur Dupe Abordable Giardini di Toscana Bianco Latte,"- Lattafa Eclaire – Eau de Parfum Femme/Unisexe 100 ml est un parfum au caractère olfactif gourmand et floral.
- Ce parfum s'ouvre sur des notes sucrées de caramel, lait et sucre, évoquant une douceur lactée et réconfortante. En cœur, des fleurs blanches délicates se mêlent à la douceur du miel, apportant une touche florale et sucrée. En fond, la vanille, le praliné et le musc offrent une base chaleureuse et enveloppante.
- Genre et personnalité du parfum : féminin, doux, réconfortant.
- Occasion et type de personne : moments quotidiens, profils appréciant les fragrances sucrées et féminines.

Note de tête : Caramel, lait, sucre
Note de cœur : Miel, fleurs blanches
Note de fond : Vanille, praliné, musc

Fabricant

Lattafa Perfumes Ind. L.L.C.
P.O. Box 69793 Sharjah, AE
Contact : +971565368875 | info@lattafa.com",36,Auction,34,20 to <100 grams,,Not Hazmat,New,,,,,,,,,,
Beauty,Fragrances,Lattafa – Badee Al Oud Oud For Glory,"Badee Al Oud Oud For Glory de Lattafa est une fragrance orientale intense et sophistiquée qui met à l’honneur la noblesse du bois de oud. Puissant et élégant, ce parfum séduit par son caractère profond et son sillage remarquable, idéal pour les amateurs de parfums riches et affirmés.

Dès l’ouverture, les notes épicées de safran et de muscade s’associent à la fraîcheur aromatique de la lavande, créant un départ captivant et raffiné. Le cœur révèle toute la puissance du parfum avec un bois de oud intense sublimé par la profondeur du patchouli, apportant une dimension mystérieuse et chaleureuse.

En fond, l’oud se mêle au musc et au patchouli pour laisser un sillage durable, oriental et luxueux qui marque les esprits. Élégant et charismatique, Oud For Glory est un parfum mixte idéal pour celles et ceux qui recherchent une fragrance puissante, boisée et sophistiquée.

Fabricant :
Lattafa Perfumes Industries LLC

Adresse :
P.O. Box 69793
Dubai, United Arab Emirates

Téléphone :
+971 4 267 2233

Email :
info@lattafa.com",72,Auction,23,20 to <100 grams,,Not Hazmat,New,,,,,,,,,,
Beauty,Fragrances,Lord of Flames,"- Lord of Flamme 100 ml Volaré est un eau de parfum mixte au caractère olfactif fruité-boisé-cuiré.

Dès la première vaporisation, ce parfum dévoile une ouverture fruitée et gourmande, mêlant des notes de mûre, de fraise, de fraise des bois et de caramel. Le cœur s'enrichit d'une touche épicée et boisée, avec la framboise, le cèdre de Virginie et la cannelle. Enfin, le fond révèle des accords profonds et sensuels de fève tonka, de vanille noire, de patchouli et de cuir russe, offrant une tenue longue durée et un sillage élégant.

Genre et personnalité du parfum : mixte, sensuel, intense.

Occasion et type de personne : convient pour le quotidien et les soirées, idéal pour ceux qui recherchent une signature olfactive distinctive.

Note de tête : mûre, fraise, fraise des bois, caramel.

Note de cœur : framboise, cèdre de Virginie, cannelle.

Note de fond : fève tonka, vanille noire, patchouli, cuir russe.

Fabricant

Volaré

adresse du fabricant à ajouter

[numéro de téléphone à ajouter] | [adresse email à ajouter]",18,Auction,18,20 to <100 grams,,Not Hazmat,New,,,,,,,,,,
Beauty,Fragrances,Loui Martin - Bubblegum II,"- Loui Martin - Bubblegum II 100 ml est un parfum oriental sucré et gourmand au caractère olfactif pétillant et fruité.

Cette fragrance évoque les saveurs de l'enfance avec une ouverture sur des arômes de fruits confits, d'orange amère et de citron, suivie de notes de cœur riches et gourmandes de bubble gum, rose de Bulgarie, pêche, myrtille, fleur de pêcher, cannelle et gingembre, pour se terminer sur des notes chaudes et profondes de musc, ambroxan et cèdre.

Genre et personnalité du parfum : féminin, sucré, gourmand.

Occasion et type de personne : quotidien, jeune femme dynamique.

Note de tête : fruits confits, orange amère, citron.

Note de cœur : bubble gum, rose de Bulgarie, pêche, myrtille, fleur de pêcher, cannelle, gingembre.

Note de fond : musc, ambroxan, cèdre.

Fabricant
Loui Martin
Email : contact@loui-martin.fr
(Adresse et téléphone non communiqués publiquement)",36,Auction,19,20 to <100 grams,,Not Hazmat,New,,,,,,,,,,
Beauty,Fragrances,Loui Martin - Ombre Naomi,"- Ombre Naomi 100 ml Loui Martin est un extrait de parfum au caractère olfactif oriental boisé.

Dès l'application, une framboise juteuse et un safran épicé s'entrelacent, offrant une ouverture fruitée et épicée. Le cœur dévoile une rose envoûtante, un oud intense et un encens fumé, créant une profondeur mystique. La base d’ambre sensuel, de bouleau cuiré et de résine de benjoin apporte une chaleur sensuelle et sophistiquée.

Genre et personnalité du parfum : unisexe, mystérieux, raffiné.

Occasion et type de personne : soirées, personnes audacieuses.

Note de tête : framboise juteuse, safran épicé.

Note de cœur : rose envoûtante, oud intense, encens fumé.

Note de fond : ambre sensuel, bouleau cuiré, résine de benjoin.

Fabricant
📍 Adresse : Industrial Area 10, Sharjah Industrial Area, Sharjah, Émirats Arabes Unis
✉️ Email : louimartinofficial@gmail.com
📞 Numéro : +971 56 256 2087
Site : louimartinperfumes.com/contact-8",36,Auction,20,20 to <100 grams,,Not Hazmat,New,,,,,,,,,,
Beauty,Fragrances,Loui Martin - Vanilla Extreme,"- Vanilla Extreme 100ml Loui Martin est un extrait de parfum au caractère olfactif oriental et sucré.
- Ce parfum dévoile une vanille intense et crémeuse, enrichie de notes florales délicates et d'accents gourmands, offrant une expérience sensorielle chaleureuse et enveloppante.
- Genre et personnalité du parfum : unisexe, sensuel, raffiné.
- Occasion et type de personne : soirées d'hiver, moments spéciaux, pour ceux qui apprécient les fragrances riches et chaleureuses.

Note de tête : orchidée, vanille, jasmin
Note de cœur : sucre brun, fève de tonka
Note de fond : ambre, bois d'ambre, musc, patchouli

Fabricant

Loui Martin Perfumes
adresse du fabricant à ajouter
[numéro de téléphone à ajouter] | [adresse email à ajouter]",72,Auction,22,20 to <100 grams,,Not Hazmat,New,,,,,,,,,,
Beauty,Fragrances,Loui Martin Vanilla Powdery – Eau de Parfum Unisexe 100 ml | Vanille Poudrée Crémeuse & Noix de Coco,"- Loui Martin Vanilla Powdery – Eau de Parfum Unisexe 100 ml est une eau de parfum au caractère olfactif doux et crémeux.
- Cette fragrance s'ouvre sur des notes poudrées de noix de coco et d'héliotrope, offrant une sensation douce et enveloppante. Le cœur dévoile la richesse de la vanille de Madagascar, apportant chaleur et profondeur. En fond, l'absolu de vanille, le musc blanc et la noix de coco se mêlent pour créer un sillage crémeux et réconfortant.
- Genre et personnalité du parfum : Unisexe, doux, réconfortant.
- Occasion et type de personne : Idéal pour les moments quotidiens, convient aux personnes appréciant les parfums gourmands et enveloppants.

Note de tête : Poudre de noix de coco, héliotrope
Note de cœur : Vanille de Madagascar
Note de fond : Absolu de vanille, musc blanc, noix de coco

Fabricant

Loui Martin

Adresse : non communiquée publiquement
Localisation : distribution Europe / Dubaï

Email : 
Téléphone : non communiqué",48,Auction,20,20 to <100 grams,,Not Hazmat,New,,,,,,,,,,
Beauty,Fragrances,Maison Alhambra Melt Marshmallow Rose – Eau de Parfum Femme/Unisexe 100 ml | Guimauve Rose Fondante & Fruits Rouges Gourmands – Dupe Inspiré Kayali...,"Laissez fondre votre cœur avec Melt Marshmallow Rose de Maison Alhambra, un Eau de Parfum féminin (très unisexe pour les gourmands doux) qui capture la sensation d'une guimauve rose fondue sur une tablette de chocolat blanc, mêlée de fruits rouges juteux et d'une touche florale romantique.
L'ouverture est un éclat fruité gourmand : fraise sucrée et mûre acidulée, avec une pointe de rose fraîche et fleur blanche (jasmin/oranger-like) – un démarrage juteux, pétillant et tentateur qui évoque un bonbon fruité rose.
Le cœur plonge dans la fluffiness signature : guimauve rose ultra-douce et aérée, rose veloutée et poudrée qui apporte élégance florale – une fusion cosy et addictive, comme une friandise marshmallow infusée de pétales.
Le fond enveloppe en douceur crémeuse : vanille chaude, musc propre et sensuel, ambre léger et accords chocolat blanc-like – une base poudrée, musquée et longue durée qui laisse un sillage réconfortant, ""skin-like"" et compliment-magnet.
Melt Marshmallow Rose est un gourmand fluffy moderne, souvent comparé à Kayali Yum Boujee Marshmallow (guimauve + fruits berry + rose + vanille) ou d'autres marshmallow rose comme Sugar Me Marshmallow Dream de la même marque – mais avec une vibe ""melted chocolate bar"" unique grâce au packaging et à la douceur rose-fruitée. Parfait pour les amateurs de senteurs sucrées aériennes, cosy et féminines. Idéal printemps/automne, layering gourmand, bureau doux ou dates feel-good – il séduit les femmes qui veulent un parfum ""edible"" doux, non cloying et ultra-addictif.
Famille olfactive : Gourmand Floral Fruité – Poudré Sucré / Marshmallow Rose
Longévité : Bonne à excellente (6-10h+ sur peau, forte sur vêtements selon avis gourmands Alhambra)
Projection : Moyenne à intime (sillage charmant et cosy, pas beast mode – parfait pour proximité)
Occasions : Printemps/Automne, quotidien réconfortant, layering sucré, sorties décontractées
Style : Féminin dreamy, fluffy & gourmand, luxe accessible dessert-like",0,Auction,1,20 to <100 grams,,Not Hazmat,New,,,,,,,,,,
Beauty,Fragrances,Maison Asrar - Vanilla Voyage - Eau de Parfum Gourmand Vanille Caramel 100 ml,"- Maison Asrar - Vanilla Voyage - Eau de Parfum Gourmand Vanille Caramel 100 ml est un parfum au caractère olfactif gourmand et sucré.
- Ce parfum s'ouvre sur des notes de caramel et de beurre, offrant une sensation douce et fondante. Le cœur dévoile des accords de fève de tonka, de miel et de jasmin, apportant une richesse chaleureuse et une touche florale délicate. En fond, la vanille, l'ambre et le musc créent une base enveloppante et sensuelle.
- Genre et personnalité du parfum : unisexe, chaleureux, réconfortant.
- Occasion et type de personne : moments de détente, amateurs de fragrances sucrées et enveloppantes.

Note de tête : caramel, beurre
Note de cœur : fève de tonka, miel, jasmin
Note de fond : vanille, ambre, musc

Maison Asrar
MAISON DES SECRETS OUD AND PERFUMES TRADING L.L.C
Office 339-0128, Dubai First Investment
Dubai, Émirats Arabes Unis

Téléphone : +971 54 704 5881
Email : maisonasrar@gulforchid.com",12,Auction,34,20 to <100 grams,,Not Hazmat,New,,,,,,,,,,
Beauty,Fragrances,Mamlakat Marshmallow,,18,Auction,38,20 to <100 grams,,Not Hazmat,New,,,,,,,,,,
Beauty,Fragrances,Marshmallow Blush,,12,Auction,25,20 to <100 grams,,Not Hazmat,New,,,,,,,,,,
Beauty,Fragrances,Musc Tahara - Yara Candy - Dubai Flower,"Musc Tahara Yara Candy de Dubai Flower est une fragrance joyeuse, sucrée et ultra-féminine, inspirée de l’univers gourmand et fruité de la gamme Yara. Entre fraîcheur pétillante, notes bonbon et fond musqué crémeux, ce parfum offre un voile tendre et addictif idéal pour le quotidien.

  

Pyramide olfactive :

• Notes de tête :

Cassis, Mandarine verte

→ Une ouverture fruitée et acidulée, pétillante et pleine de vitalité.

 

• Notes de cœur :

Strawberry Fizz Candy, Gardénia

→ Un cœur délicieusement sucré, effet “bonbon pétillant”, adouci par un gardénia élégant et lumineux.

 

• Notes de fond :

Vanille, Ambre, Bois de santal, Musc

→ Une base douce, chaude et crémeuse, qui laisse un sillage gourmand, sensuel et durable.

 

Informations complémentaires :

• Contenance : 12 ml 

• Famille olfactive : Fruité – Gourmand – Musqué

• Pour : Mixte

• Utilisation : Idéal en parfum de peau, en layering avec les parfums Yara pour un rendu encore plus sucré et enveloppant.

 Musc Tahara Yara Candy – Dubai Flower : une caresse sucrée et joyeuse, qui habille la peau d’un sillage irrésistiblement gourmand.",12,Auction,1,20 to <100 grams,,Not Hazmat,New,,,,,,,,,,
Beauty,Fragrances,Musc Tahara Coco Vanille - Dubai Flower,"Coco Vanille – Dubai Flower - Huile parfumée – 12 ml

 

Coco Vanille de Dubai Flower est une fragrance douce, solaire et réconfortante, qui marie la gourmandise exotique de la noix de coco à la sensualité de la vanille et à la pureté du musc blanc. Un parfum délicat et féminin, parfait pour celles qui aiment les senteurs chaleureuses et cocooning.

 

Pyramide olfactive simplifiée :

Accord principal :
Noix de coco
→ Une touche exotique et lactée, évoquant les plages ensoleillées.
Cœur :
Vanille
→ Sucrée et enveloppante, elle apporte rondeur et douceur à la composition.
Fond :
Musc blanc
→ Une base propre, soyeuse et délicatement sensuelle.
 

 

Informations complémentaire :

Contenance : 12 ml
Format : Huile parfumée
Type : Musc tahara gourmand
Famille olfactive : Gourmande, Musquée, Solaire
Application : À appliquer sur les points de pulsation (cou, poignets, décolleté)
Sexe : Féminin
 

 

Coco Vanille – Dubai Flower est le choix idéal pour les amatrices de muscs délicats aux accents exotiques. À porter au quotidien pour un sillage doux, crémeux et irrésistiblement féminin.",12,Auction,1,20 to <100 grams,,Not Hazmat,New,,,,,,,,,,
Beauty,Fragrances,Musc Tahara Khamrah - Dubaï Flower,"Musc Tahara Khamrah – Dubai Flower - Huile parfumée – 12 ml

Musc Tahara Khamrah de Dubai Flower est une interprétation orientale, suave et gourmande du célèbre musc tahara. Inspiré des codes olfactifs de Khamrah, ce parfum marie chaleur épicée, gourmandise fondante et propreté musquée pour un résultat captivant, intime et élégant.
  

Pyramide olfactive :

Notes de tête :
Cannelle, Noix de muscade, Bergamote
→ Une ouverture épicée, chaleureuse et lumineuse qui évoque une douceur enrobante dès les premiers instants.
Notes de cœur :
Praliné, Dates, Tubéreuse, Mahonial
→ Un cœur intense et sucré mêlant l’onctuosité des fruits à une touche florale moderne et élégante.
Notes de fond :
Vanille, Fève de tonka, Amberwood, Benjoin, Myrrhe, Akigalawood, Musc blanc
→ Une base riche et sensuelle, gourmande et musquée, pour un sillage profond, velouté et envoûtant.
  

Informations complémentaires :

Contenance : 12 ml
Format : Huile parfumée
Type : Musc tahara oriental et gourmand
Famille olfactive : Épicée, Gourmande, Musquée
Application : Sur peau propre, en points de pulsation (nuque, poignets, plis du coude…)
Sexe : Unisexe

Musc Tahara Khamrah – Dubai Flower est un musc de caractère, parfait pour celles et ceux qui aiment les parfums profonds, doux et enveloppants. Idéal au quotidien comme après la douche, il combine la pureté du musc à l’élégance orientale dans une composition raffinée et chaleureuse.",12,Auction,1,20 to <100 grams,,Not Hazmat,New,,,,,,,,,,
Beauty,Fragrances,Musc Tahara Marshmallow Crush - Dubai Flower,"Musc Tahara Marshmallow – Dubai Flower

Musc Tahara Marshmallow de Dubai Flower est une fragrance douce, cotonneuse et délicieusement sucrée. Ce musc revisité dans une version gourmande enveloppe la peau d’un voile tendre et lacté, mêlant pureté, douceur et irrésistible gourmandise. Une senteur réconfortante, parfaite pour un parfum de peau doux et addictif. 

 

Pyramide olfactive : 

• Notes de tête :

Marshmallow, Sucre doux

→ Une ouverture sucrée, fondante et ultra-douce.

 

• Notes de cœur :

Vanille crémeuse

→ Un cœur gourmand et réconfortant, aux accents lactés irrésistibles.

 

• Notes de fond :

Musc propre, Accord lacté

→ Une base propre, veloutée et enveloppante, pour un sillage doux et cocooning.

  

Informations complémentaires :

• Contenance : 12 ml

• Famille olfactive : Gourmand – Musqué – Lacté

• Pour : Mixte

• Utilisation : Parfait comme parfum de peau, après la douche ou en layering avec d’autres muscs ou parfums sucrés.

Musc Tahara Marshmallow – Dubai Flower : une caresse sucrée et lactée, délicate et absolument addictive.",13,Auction,1,20 to <100 grams,,Not Hazmat,New,,,,,,,,,,
Beauty,Fragrances,Musc Tahara Yara - Dubai Flower,"Musc Tahara Yara de Dubai Flower est un musc doux, féminin et envoûtant, qui allie sensualité florale, gourmandise tropicale et douceur musquée. Sa texture délicate et son parfum subtil en font un choix parfait pour les rituels intimes ou pour parfumer la peau avec élégance tout au long de la journée.

Notes de tête :
Orchidée, Héliotrope, Tangerine – Une ouverture lumineuse et raffinée, à la fois florale et fruitée, qui évoque la fraîcheur et la féminité dès les premiers instants.
Notes de cœur :
Accord gourmand, Fruits tropicaux – Un cœur sucré et exotique, fondant et ensoleillé, qui apporte chaleur et douceur.
Notes de fond :
Vanille, Musc léger, Bois de santal – Une base crémeuse, cocooning et enveloppante, pour un sillage subtil, élégant et durable.",60,Auction,1,20 to <100 grams,,Not Hazmat,New,,,,,,,,,,
Beauty,Fragrances,Nancia for Her,,6,Auction,25,20 to <100 grams,,Not Hazmat,New,,,,,,,,,,
Beauty,Fragrances,Paris Corner - Khair,"- Paris Corner - Khair 100ml est un eau de parfum au caractère olfactif oriental boisé.
- Ce parfum s'ouvre sur une fraîcheur vivifiante de bergamote et de pamplemousse, suivie d'un cœur mystérieux mêlant bois de cèdre, patchouli et des nuances florales. Les notes de fond, riches et sensuelles, combinent musc et ambre pour une expérience olfactive profonde et durable.
- Genre et personnalité du parfum : unisexe, audacieux, raffiné.
- Occasion et type de personne : soirées élégantes, rendez-vous ou moments où l’on souhaite laisser une empreinte olfactive durable.

Note de tête : bergamote, pamplemousse, notes fruitées
Note de cœur : bois de cèdre, notes fleuries, patchouli
Note de fond : notes animales, musc, ambre

Fabricant

Paris Corner
adresse du fabricant à ajouter
[numéro de téléphone à ajouter] | [adresse email à ajouter]",12,Auction,24,20 to <100 grams,,Not Hazmat,New,,,,,,,,,,
Beauty,Fragrances,Paris Corner - Voux Elegante – Eau de Parfum Unisexe 100 ml | Miel-Tabac Vanillé & Lavande Sophistiquée – Excellent Dupe de Xerjoff Naxos,"- Voux Elegante (Emir by Paris Corner) – Eau de Parfum Unisexe 100 ml est un parfum aromatique épicé au caractère olfactif sophistiqué et équilibré.
- Ce parfum s'ouvre sur des notes fraîches de lavande, bergamote et citron, offrant une sensation apaisante et vivifiante. Le cœur dévoile un mélange chaleureux de miel, cannelle, cashmeran et jasmin sambac, apportant une profondeur douce et épicée. Les notes de fond combinent la richesse de la feuille de tabac, la douceur de la vanille, la chaleur de la fève tonka et une touche d'épices, créant une empreinte olfactive durable et envoûtante.
- Genre et personnalité du parfum : Unisexe, élégant, raffiné.
- Occasion et type de personne : Idéal pour les moments spéciaux ou quotidiens, pour ceux qui apprécient les fragrances équilibrées et sophistiquées.

- Note de tête : Lavande, Bergamote, Citron
- Note de cœur : Miel, Cannelle, Cashmeran, Jasmin Sambac
- Note de fond : Feuille de Tabac, Vanille, Fève Tonka, Épices

Fabricant

- Paris Corner
- 58 – 58 37th St, Deira – Al Sabkha, Dubai – United Arab Emirates
- Contact : +971506473968 | info@pariscorner.ae",24,Auction,24,20 to <100 grams,,Not Hazmat,New,,,,,,,,,,
Beauty,Fragrances,Paris Corner - Voux Patisserie,"- Voux Patisserie 100ml Paris Corner est un eau de parfum au caractère olfactif gourmand et épicé.

Dès les premières notes, ce parfum dévoile une alliance vibrante de mandarine, cardamome et safran, évoquant l'énergie d'une pâtisserie fraîchement ouverte. Le cœur s'épanouit avec une fusion délicate de rose, pomme et une note lactée crémeuse, enveloppant les sens d'une douceur chaleureuse. La composition se conclut sur une base riche de vanille et de bois de santal, laissant un sillage de sophistication sucrée.

Genre et personnalité du parfum : mixte, élégant, réconfortant.

Occasion et type de personne : soirée cosy, moment cocooning, brunch sucré ou sortie gourmande.

Note de tête : mandarine, cardamome, safran.

Note de cœur : rose, pomme, notes lactées.

Note de fond : vanille, bois de santal.

Fabricant

Paris Corner

Paris Corner Perfumes LLC

Adresse : Dubai Investment Park (DIP)
Dubai, Émirats Arabes Unis

Email :",0,Auction,24,20 to <100 grams,,Not Hazmat,New,,,,,,,,,,
Beauty,Fragrances,Paris Corner - Voux Zingy,"- Voux Zingy 100ml Paris Corner est un parfum unisexe au caractère olfactif frais et aromatique.

Ce parfum s'ouvre sur une explosion d'agrumes zestés, mêlant le basilic, la bergamote, le cédrat d'Italie et le citron, offrant une sensation de fraîcheur vivifiante. Au cœur, le jasmin, l'ambretollide et la verveine apportent une touche florale raffinée, équilibrant l'ensemble avec élégance. La base de musc confère une profondeur chaleureuse, prolongeant la sensation de fraîcheur tout au long de la journée.

Genre et personnalité du parfum : unisex, frais, élégant.

Occasion et type de personne : idéal pour les journées actives et ensoleillées, pour ceux qui recherchent une fragrance dynamique et sophistiquée.

Note de tête : basilic, bergamote, cédrat d'Italie, citron.

Note de cœur : jasmin, ambretollide, verveine.

Note de fond : musc.

Fabricant

Paris Corner

adresse du fabricant à ajouter

[numéro de téléphone à ajouter] | [adresse email à ajouter]",0,Auction,1,20 to <100 grams,,Not Hazmat,New,,,,,,,,,,
Beauty,Fragrances,Qarysm - Huile de barbe Délice d'orient,"Plongez dans l’élégance mystérieuse avec l’Huile de barbe Délice d'orient, inspiré de Black Afgano.

Un soin intense qui sublime votre barbe tout en laissant un parfum profond et envoûtant.

 

Notes de tête : Cannabis, notes vertes, davana, safran, thym​

Notes de cœur : Résines, notes boisées, tabac, café, framboise, cannelle, violette​

Notes de fond : Oud, encens, ambre, notes animales, bois de gaïac, musc, tonka, vanille​

 

50 ML

 

Les avantages de notre huile de barbe parfumée Qarysm :

Nourrit et hydrate la barbe et la peau pour un confort optimal.

Adoucit et discipline le poil pour un style soigné.

Apporte éclat et souplesse sans effet gras.

Parfume délicatement pour une touche élégante au quotidien.

Protège la barbe des agressions extérieures.

 

Transformez l’entretien de votre barbe en un véritable moment de soin et de plaisir.",14,Auction,1,20 to <100 grams,,Not Hazmat,New,,,,,,,,,,
Beauty,Fragrances,Qarysm - Huile de barbe Lord,"Plongez dans l’élégance mystérieuse avec l’Huile de barbe Deep Bleu, inspirée de Bleu Magique de Persifleur. Un soin intense qui sublime votre barbe tout en laissant un parfum profond et envoûtant.

 

Notes de tête : Poivre rose, pamplemousse, muscade, encens​

Notes de cœur : Cardamome, bois de santal, iris, géranium​

Notes de fond : Cuir, patchouli, mousse de chêne, ambre, vétiver​

 

50 ML

 

Les avantages de notre huile de barbe parfumée Qarysm :

Nourrit et hydrate la barbe et la peau pour un confort optimal.

Adoucit et discipline le poil pour un style soigné.

Apporte éclat et souplesse sans effet gras.

Parfume délicatement pour une touche élégante au quotidien.

Protège la barbe des agressions extérieures.

 

Transformez l’entretien de votre barbe en un véritable moment de soin et de plaisir.",16,Auction,1,20 to <100 grams,,Not Hazmat,New,,,,,,,,,,
Beauty,Fragrances,Qarysm - Huile de barbe Vanille Coco,"- Qarysm - Huile de barbe Vanille Coco 50 ml est une huile de barbe au caractère olfactif gourmand et envoûtant.
- Cette huile nourrit et hydrate la barbe tout en laissant un sillage irrésistible.
- Genre et personnalité du parfum : homme, élégant, raffiné.
- Occasion et type de personne : quotidien, homme soucieux de l'entretien de sa barbe.

Note de tête : Noix de coco, pêche blanche
Note de cœur : Fleur de tiaré, ylang-ylang, jasmin
Note de fond : Vanille de Madagascar, musc blanc, bois précieux

Fabricant

Qarysm
adresse du fabricant à ajouter
[numéro de téléphone à ajouter] | [adresse email à ajouter]",18,Auction,1,20 to <100 grams,,Not Hazmat,New,,,,,,,,,,
Beauty,Fragrances,Swiss Arabian – Shaghaf Oud Tonka,"Shaghaf Oud Tonka de Swiss Arabian est une fragrance orientale gourmande et luxueuse qui séduit par son équilibre parfait entre douceur, chaleur et intensité. Élégant et enveloppant, ce parfum est conçu pour celles et ceux qui apprécient les senteurs riches et addictives.

Dès les premières notes, la fragrance dévoile une ouverture gourmande et épicée qui attire immédiatement l’attention. Le cœur révèle toute la profondeur du parfum avec l’accord intense de fève de tonka, apportant une douceur ambrée et légèrement vanillée qui s’harmonise parfaitement avec la chaleur du bois de oud.

En fond, le parfum s’intensifie avec des notes gourmandes et crémeuses où la vanille, les amandes et les nuances boisées créent un sillage puissant, chaleureux et irrésistible. Ce mélange sophistiqué donne naissance à une signature olfactive profonde et addictive qui laisse une impression durable.",24,Auction,44,20 to <100 grams,,Not Hazmat,New,,,,,,,,,,
Beauty,Fragrances,Volare - Armani,,24,Auction,22,20 to <100 grams,,Not Hazmat,New,,,,,,,,,,
Beauty,Fragrances,Volare - Guerlain,,12,Auction,30,20 to <100 grams,,Not Hazmat,New,,,,,,,,,,
Beauty,Fragrances,Volaré - Above The Clouds,"- Volaré Above The Clouds 100 ml Volaré est un eau de parfum au caractère olfactif frais et épicé.
- Ce parfum s'ouvre sur une explosion d'agrumes pétillants, suivie d'un cœur vibrant de gingembre et de bergamote, pour se fondre en une base douce de mandarine et d'ambre gris.
- Genre et personnalité du parfum : mixte, énergique, élégant.
- Occasion et type de personne : quotidien, personnes actives en quête de fraîcheur.

Note de tête : agrumes  
Note de cœur : gingembre, bergamote  
Note de fond : mandarine, ambre gris

Fabricant

Volaré  
adresse du fabricant à ajouter  
[numéro de téléphone à ajouter] | [adresse email à ajouter]",0,Auction,1,20 to <100 grams,,Not Hazmat,New,,,,,,,,,,
Beauty,Fragrances,Volaré - Angelic Paradise,"Inspiré par l’univers enivrant d’Angels' Share Paradis, Angelic Paradise de Volaré est une fragrance gourmande et captivante qui incarne l’élégance et la sensualité. Dès l’ouverture, l’accord chaleureux de cognac et de liqueur s’entrelace avec une framboise délicatement sucrée, offrant une entrée riche et irrésistible.

Le cœur révèle une dimension plus raffinée et addictive : la fève de tonka apporte une douceur ambrée, sublimée par la rose de Bulgarie et une touche gourmande de caramel qui enveloppe la fragrance d’un voile velouté.

En fond, le parfum s’installe dans un sillage profond et sophistiqué où le bois de santal, le chêne et la mousse de chêne rencontrent la gourmandise du praliné et de la vanille. Ce mélange crée une signature olfactive intense, chaleureuse et durable.

Angelic Paradise est un parfum de caractère, idéal pour les amateurs de fragrances gourmandes, boisées et élégamment sucrées, parfait pour laisser une empreinte inoubliable.",18,Auction,25,20 to <100 grams,,Not Hazmat,New,,,,,,,,,,
Beauty,Fragrances,Volaré - Blend Luxe,"- Volaré Blend Luxe 100 ml Volaré est un eau de parfum au caractère olfactif gourmand et enveloppant.
- Ce parfum s'ouvre sur une note de caramel fondant, suivie d'un cœur mêlant la douceur du miel et la subtilité de la coumarine, pour se conclure sur des accords de vanille crémeuse et de musc blanc.
- Genre et personnalité du parfum : mixte, élégant, réconfortant.
- Occasion et type de personne : soirée, moments de détente, amateurs de fragrances sucrées et raffinées.

Note de tête : Caramel
Note de cœur : Miel, Coumarine
Note de fond : Vanille, Musc blanc

Fabricant

Fabricant : Volaré Perfumes (Mamlakat Al Oud)
Adresse : Dubai, United Arab Emirates
Téléphone : Non communiqué
Email : Non communiqué",18,Auction,22,20 to <100 grams,,Not Hazmat,New,,,,,,,,,,
Beauty,Fragrances,Volaré - Cocoon Vanilla,"- Cocoon Vanilla 100 ml Volaré est une eau de parfum au caractère olfactif floral, gourmand et exotique.

Cette fragrance envoûtante s'ouvre sur des notes fruitées de noix de coco et de pêche blanche, évoquant une douceur tropicale. Le cœur dévoile un bouquet floral composé de fleur de tiaré, ylang-ylang, jasmin et jasmin égyptien, apportant une touche exotique et sensuelle. En fond, la vanille de Madagascar, le musc blanc et des notes boisées créent un sillage doux et enveloppant.

Genre et personnalité du parfum : féminin, sensuel, exotique.

Occasion et type de personne : moments de détente, profils appréciant les senteurs douces et exotiques.

Note de tête : noix de coco, pêche blanche
Note de cœur : fleur de tiaré, ylang-ylang, jasmin, jasmin égyptien
Note de fond : vanille de Madagascar, musc blanc, notes boisées

Fabricant : Volaré Perfumes (Mamlakat Al Oud)
Adresse : Dubai, United Arab Emirates
Téléphone : Non communiqué
Email : Non communiqué",12,Auction,19,20 to <100 grams,,Not Hazmat,New,,,,,,,,,,
Beauty,Fragrances,Volaré - Kenzie  Vanilla 70,"- Volaré Kenzie - Vanille 70 100ml Volaré est un eau de parfum au caractère olfactif gourmand et sensuel.
- Cette fragrance enveloppe les sens avec sa douceur addictive, mêlant des notes de vanille crémeuse, de fruits sucrés tels que la poire et la pêche, et une touche de praliné fondant. Le cœur révèle la délicatesse de la fleur d’oranger, tandis que les notes de fond apportent une profondeur chaleureuse grâce au bois de santal, au musc et à l’ambre.
- Genre et personnalité du parfum : mixte, élégant, réconfortant.
- Occasion et type de personne : quotidien, amateurs de senteurs sucrées et sensuelles.

- Note de tête : Vanille, Fruits sucrés (Poire, Pêche)
- Note de cœur : Vanille, Praliné, Fleur d’oranger
- Note de fond : Bois de santal, Musc, Ambre

Fabricant

Fabricant:
Office No: M05 Ayisha Hasan BuildingGold Souq Gate 3, Deira, Dubai, Émirats arabes unis, 
volareperfumes@gmail.com, +971 56 508 7612",0,Auction,20,20 to <100 grams,,Not Hazmat,New,,,,,,,,,,
Beauty,Fragrances,Volaré - Kenzie Mystic Fleur,"- Volaré Kenzie - Mystic Fleur 100 ml Volaré est un eau de parfum au caractère olfactif floral fruité.

Dès la première vaporisation, ce parfum dévoile une ouverture pétillante avec des notes de mandarine, orange, poire juteuse et pêche sucrée, apportant une fraîcheur vivifiante. Le cœur s'épanouit ensuite sur un bouquet floral élégant de magnolia, pivoine blanche, rose centifolia et bois de violette, offrant une douceur raffinée. Enfin, les notes de fond de vétiver, accord ambre/bois, Ambrox® Super, vanille, praliné et musc confèrent au parfum une profondeur chaleureuse et sensuelle, assurant une tenue durable.

Genre et personnalité du parfum : mixte, élégant, envoûtant.

Occasion et type de personne : convient pour le quotidien et les occasions spéciales, idéal pour ceux qui recherchent une fragrance sophistiquée et polyvalente.

Note de tête : mandarine, orange, poire juteuse, pêche sucrée

Note de cœur : magnolia, pivoine blanche, rose centifolia, bois de violette

Note de fond : vétiver, accord ambre/bois, Ambrox® Super, vanille, praliné, musc

Fabricant
- Volaré Kenzie Exotic Apple Crush 100ml Volaré est un eau de parfum au caractère olfactif fruité et floral.
- Ce parfum s'ouvre sur une explosion de fraîcheur avec des notes de pomme rouge croquante, de cassis, de pamplemousse rose et de litchi, offrant une sensation de légèreté et de dynamisme. Le cœur dévoile des accords de baies sauvages, de fleurs de framboise, de jasmin et de rose Centifolia, apportant une touche florale délicate et féminine. En fond, des notes de musc, de fleur de vanille, de cristaux d’ambre et de mousse sucrée enveloppent la peau d'un sillage doux et envoûtant.
- Genre et personnalité du parfum : mixte, dynamique, élégant.
- Occasion et type de personne : quotidien, personne active.

Note de tête : Pomme rouge, cassis, pamplemousse rose, litchi
Note de cœur : Baies sauvages, fleurs de framboise, jasmin, rose Centifolia
Note de fond : Musc, fleur de vanille, cristaux d’ambre, mousse sucrée

Fabricant

Volaré

Fabricant:
Office No: M05 Ayisha Hasan BuildingGold Souq Gate 3, Deira, Dubai, Émirats arabes unis, 
volareperfumes@gmail.com, +971 56 508 7612",0,Auction,20,20 to <100 grams,,Not Hazmat,New,,,,,,,,,,
Beauty,Fragrances,Volaré - Kenzie Silk Serenity,"- Volaré Kenzie - Silk Serenity 100 ml est un eau de parfum au caractère olfactif floral, fruité et musqué.

Ce parfum s'ouvre sur des notes pétillantes de champagne, freesia blanc et cassis, offrant une sensation de fraîcheur et de luminosité. Son cœur dévoile un bouquet floral composé de nectarine, praline rose, jasmin, rose de Damas et fleur d'oranger, créant une harmonie douce et féminine. En fond, des accords de musc sucré, bois de santal, mousse de chêne, bois ambrés et absolu de vanille apportent une touche sensuelle et enveloppante.

Genre et personnalité du parfum : féminin, délicat, élégant.

Occasion et type de personne : quotidien, pour les femmes appréciant les fragrances douces et raffinées.

Note de tête : champagne, freesia blanc, cassis.

Note de cœur : nectarine, praline rose, jasmin, rose de Damas, fleur d'oranger.

Note de fond : musc sucré, bois de santal, mousse de chêne, bois ambrés, absolu de vanille.

Fabricant:
Office No: M05 Ayisha Hasan BuildingGold Souq Gate 3, Deira, Dubai, Émirats arabes unis, 
volareperfumes@gmail.com, +971 56 508 7612",0,Auction,20,20 to <100 grams,,Not Hazmat,New,,,,,,,,,,
Beauty,Fragrances,Volaré - Vanilla Pods,"- Volaré - Vanilla Pods 100 ml Volaré est une eau de parfum mixte au caractère olfactif gourmand et boisé.
Cette fragrance enveloppante s'ouvre sur des notes douces de poudre de noix de coco et d'héliotrope, suivies d'un cœur riche en absolu de vanille de Madagascar et en amande. Les notes de fond, composées de Palo Santo et de musc, apportent une profondeur chaleureuse et sensuelle.

Genre et personnalité du parfum : mixte, élégant, réconfortant.

Occasion et type de personne : moments cocooning, amateurs de parfums gourmands et boisés.

Note de tête : poudre de noix de coco, héliotrope
Note de cœur : absolu de vanille de Madagascar, amande
Note de fond : Palo Santo, musc

Fabricant

Volaré
adresse du fabricant à ajouter
[numéro de téléphone à ajouter] | [adresse email à ajouter]",18,Auction,25,20 to <100 grams,,Not Hazmat,New,,,,,,,,,,
Beauty,Fragrances,Volaré - Western Ranches – Eau de Parfum Unisexe 100 ml | Safran-Oud Rosé & Tonka Ambré – Dupe Inspiré Montale Arabians Tonka,"- Volaré Western Ranches – Eau de Parfum Unisexe 100 ml est un parfum oriental boisé floral au caractère olfactif audacieux et raffiné.
- Ce parfum s'ouvre sur des notes épicées et lumineuses de safran et de bergamote, évolue vers un cœur noble d'oud et de rose bulgare, et se termine sur des accords chauds et enveloppants de fève tonka, canne à sucre, ambre, musc blanc et mousse de chêne.
- Genre et personnalité du parfum : mixte, élégant, intense.
- Occasion et type de personne : soirée, profil audacieux.

Note de tête : safran, bergamote  
Note de cœur : oud, rose bulgare  
Note de fond : fève tonka, canne à sucre, ambre, musc blanc, mousse de chêne

Fabricant
Volaré

Adresse : Office No: M05, Ayisha Building, Gold Souq Gate 3, Deira, Dubai, Émirats Arabes Unis  
Email : volareperfumes@gmail.com  
Numéro / Mobile : 056 508 7612  
Site : volareperfumes.com",24,Auction,19,20 to <100 grams,,Not Hazmat,New,,,,,,,,,,
Beauty,Fragrances,Volaré Esta Oro – Eau de Parfum Unisexe 100 ml | Éclat Citronné Épicé & Gourmand – Dupe Inspiré Xerjoff Erba Gold,"- Volaré Esta Oro – Eau de Parfum Unisexe 100 ml est un parfum au caractère olfactif épicé, fruité et boisé.

Cette fragrance s'ouvre sur une explosion d'agrumes frais, mêlant le citron de Sicile, l'orange, la bergamote de Calabre et le gingembre, offrant une sensation vivifiante et énergique. Le cœur dévoile une harmonie entre des notes fruitées de melon, poire et pomme verte, enrichies d'épices telles que la cardamome, la cannelle et le clou de girofle, apportant profondeur et complexité. Enfin, le fond enveloppe la composition avec des accords de musc blanc, ambre gris, vanille et notes boisées, conférant une chaleur noble et durable.

Genre et personnalité du parfum : unisexe, élégant, sophistiqué.

Occasion et type de personne : convient pour toutes les occasions, idéal pour les personnes recherchant une fragrance raffinée et distinctive.

Note de tête : citron de Sicile, orange, bergamote de Calabre, gingembre.

Note de cœur : melon, poire, pomme verte, cardamome, cannelle, clou de girofle.

Note de fond : musc blanc, ambre gris, vanille, notes boisées.

Fabricant

Volaré
Fabricant:
Office No: M05 Ayisha Hasan BuildingGold Souq Gate 3, Deira, Dubai, Émirats arabes unis, 
volareperfumes@gmail.com, +971 56 508 7612",18,Auction,20,20 to <100 grams,,Not Hazmat,New,,,,,,,,,,
Beauty,Fragrances,Volaré Kenzie - Exotic Apple Crush – Eau de Parfum Unisexe 100 ml | Explosion Fruitée Juteuse & Florale Gourmande – Inspiré Kayali Eden Juicy Apple,"Découvrez Exotic Apple Crush de la collection Kenzie par Volaré, un Eau de Parfum unisexe ultra-addictif qui transforme chaque spray en une explosion de fruits frais et sucrés, avec une élégance florale et une douceur enveloppante.
Dès les premières notes, c'est une déferlante juteuse et vivifiante : pomme rouge croquante ultra-réaliste, cassis intense, pamplemousse rose pétillant et litchi exotique juteux – un démarrage frais, acidulé et irrésistible qui évoque un cocktail fruité estival.
Le cœur s'ouvre sur un bouquet gourmand et floral : baies sauvages, fleur de framboise, jasmin délicat et rose Centifolia veloutée, pour une touche sophistiquée et féminine sans être trop lourde.
Le fond se pose en caresse chaude et sensuelle : fleur de vanille crémeuse, cristaux d'ambre, mousse sucrée et musc sensuel – une base douce, addictive et longue durée qui laisse un sillage charmant, sucré mais pas écœurant, avec une belle projection.
Exotic Apple Crush est souvent présenté comme un excellent dupe (très proche et bien plus accessible) de Kayali Eden Juicy Apple : pomme rouge dominante, fruits exotiques, floral léger et vanille/musc en fond. Parfait pour les amateurs de fragrances fruity-floral gourmand, lumineuses et joyeuses. Idéal printemps/été, bureau, rendez-vous ou tous les jours – il séduit hommes et femmes qui aiment les jus fruités modernes, frais et réconfortants.
Famille olfactive : Fruité – Floral – Gourmand / Sucré
Longévité : Bonne à très bonne (6-10h+ selon peau et avis)
Projection : Moyenne à forte au départ, sillage captivant
Occasions : Printemps/Été, quotidien, sorties décontractées, layering gourmand
Style : Jeune, fun, addictif, luxe accessible, vibe fruitée tropicale",36,Auction,20,20 to <100 grams,,Not Hazmat,New,,,,,,,,,,
Beauty,Fragrances,Volaré Kenzie Marshmallow Dream – Eau de Parfum Femme 100 ml | Guimauve Rose Gourmande & Fruits Sucrés – Dupe Inspiré Kayali Yum Boujee Marshmallow,"Plongez dans un rêve sucré et aérien avec Marshmallow Dream de la collection Kenzie par Volaré, un Eau de Parfum féminin qui évoque la douceur irrésistible d'une guimauve rose fondante, enveloppée de fruits juteux et de crème vanillée.
L'ouverture est vive et joyeuse : pomme Pink Lady croquante, citron italien zesté, freesia délicat et fleur de nectarine sucrée – un démarrage frais, fruité et pétillant qui apporte une énergie lumineuse et féminine.
Le cœur explose en gourmandise pure : guimauve rose fluffy et addictive, fraise juteuse, flocons de noix de coco crémeux et eau de fleur d'oranger subtile – une fusion dessert-like qui capture le confort cosy d'une friandise préférée, douce sans être lourde.
Le fond se pose en caresse réconfortante : vanille fouettée crémeuse, sucre de framboise, musc rose poudré, ambroxan velouté et accords signature Volare – une base musquée-douce, poudrée et longue durée qui laisse un sillage ""cloud-like"" enveloppant et addictif.
Marshmallow Dream est souvent présenté comme un dupe très proche (et plus abordable) de Kayali Yum Boujee Marshmallow : guimauve dominante, fruits berry, coco et vanille fluffy – avec une vibe ""pink cloud"" ultra-féminine et joyeuse. Parfait pour les amateurs de gourmands aériens, sucrés et réconfortants. Idéal printemps/été, layering, bureau doux ou tous les jours – il séduit les femmes qui aiment les parfums ""edible"", compliment-magnets et feel-good.
Famille olfactive : Gourmand Fruité – Floral Sucré / Poudré
Longévité : Bonne à excellente (6-10h+ sur peau, très bonne sur vêtements)
Projection : Moyenne à intime (sillage charmant, pas overpowering – certains notent un ""skin scent"" cosy)
Occasions : Printemps/Été, quotidien, layering gourmand, sorties décontractées
Style : Féminin doux, dreamy, fluffy, luxe accessible gourmand",36,Auction,20,20 to <100 grams,,Not Hazmat,New,,,,,,,,,,
Beauty,Fragrances,Volaré Milani Cherry Lush – Eau de Parfum Unisexe 100 ml | Cerise Noire Sucrée & Amande Gourmande Boozy – Dupe Fidèle Tom Ford Lost Cherry,"Laissez-vous emporter par la tentation irrésistible de Milani Cherry Lush de Volaré (ligne Milani), un Eau de Parfum unisexe qui célèbre la cerise dans sa version la plus luxueuse, juteuse et addictive.
Dès les premières pulvérisations, explosion fruitée intense : cerise noire sucrée ultra-réaliste et juteuse, avec une touche de framboise et bergamote pour un éclat frais et vibrant – un démarrage gourmand, sucré et légèrement acidulé qui évoque une cerise mûre à croquer.
Le cœur apporte de la profondeur et de la sensualité : amande amère croquante, praline crémeuse et héliotrope poudré floral, pour une rondeur gourmande sophistiquée et veloutée.
Le fond se pose en caresse chaude et persistante : vanille douce, musc sensuel, bois doux et une note boozy subtile (liqueur de cerise-like) – une base ambrée-cremeuse qui amplifie l'addiction, avec un sillage chaud, smoky-sweet et longue durée.
Milani Cherry Lush est décrit comme un dupe excellent et très fidèle (85-95% similaire selon les avis TikTok/Instagram) de Tom Ford Lost Cherry : cerise dominante, amande amère, boozy gourmand, rose subtile en fond – mais souvent jugé ""plus accessible"", ""plus wearable en hiver"" et avec une performance beast mode à petit prix. Parfait pour les fans de fragrances gourmandes fruitées, sexy et compliment-magnet. Idéal automne/hiver, soirées, dates ou tous les jours audacieux – il séduit hommes et femmes qui aiment les jus ""dark cherry luxury"" sans compromis.
Famille olfactive : Gourmand Fruité – Boozy / Ambré Gourmand
Longévité : Excellente (8-12h+ sur peau, très forte sur vêtements selon avis)
Projection : Forte, sillage puissant et séduisant
Occasions : Automne/Hiver, soirées, rendez-vous, événements
Style : Luxe gourmand, sensuel, addictif, unisexe mature",18,Auction,25,20 to <100 grams,,Not Hazmat,New,,,,,,,,,,
Beauty,Fragrances,"Volaré Milano 22 – Eau de Parfum Unisexe 100 ml | Menthe Fraîche, Agrumes & Musc Propre – Symphonie Italienne Rafraîchissante & Clean","Plongez dans l'élégance urbaine et italienne avec Milano 22 de Volaré, un Eau de Parfum unisexe qui évoque les rues animées de Milan : frais, aromatique, propre et sophistiqué comme un costume sur mesure en été.
L'ouverture est un burst revigorant : menthe glacée et mentholée, citron zesté, basilic herbacé et thym aromatique – un démarrage vif, herbacé et citrusy qui réveille instantanément, avec une sensation ""clean laundry"" ultra-fraîche.
Le cœur s'ouvre sur une harmonie verte et florale : cassis (black currant) juteux et légèrement acidulé, lavande calmante, romarin piquant et jasmin subtil – un bouquet aromatique équilibré qui apporte profondeur et modernité sans alourdir.
Le fond pose une base propre et musquée : verbena citronnée (lemon verbena) herbacée-citrusée et musc doux, frais et sensuel – un sillage minimaliste, longue durée et ""skin-like"" qui laisse une traînée élégante, propre et addictive.
Milano 22 est un parfum frais-aromatique signature, souvent vu comme inspiré de l'élégance italienne (vibe clean citrus-mint-musk, proche de certains frais modernes comme Parfums de Marly Percival ou LV L'Immensité en twist herbacé, mais plus mint-forward). Parfait pour les amateurs de fragrances clean, rafraîchissantes et polyvalentes. Idéal printemps/été, bureau, quotidien ou layering avec des boisés – il séduit hommes et femmes qui veulent un jus ""bright, aromatic, beautifully clean"" sans être trop sucré ou lourd.
Famille olfactive : Aromatic Fougère – Citrus / Musqué Herbacé
Longévité : Bonne à excellente (6-10h+ sur peau, forte sur vêtements selon avis Volare frais)
Projection : Moyenne au départ, sillage frais et charmant
Occasions : Printemps/Été, bureau, quotidien, sorties décontractées
Style : Unisexe moderne, clean & sophistiqué, luxe accessible italien",12,Auction,25,20 to <100 grams,,Not Hazmat,New,,,,,,,,,,
Beauty,Fragrances,Volaré Mystique Roses – Eau de Parfum Femme 100 ml | Rose Cuirée Sensuelle & Orientale – Dupe Inspiré Montale Roses Musk,"Laissez-vous envoûter par Mystique Roses de Volaré, un Eau de Parfum féminin qui marie l'élégance intemporelle de la rose à une sensualité rebelle et orientale.
Dès les premières pulvérisations, la rose essence fraîche et authentique domine avec puissance et romantisme, accompagnée d'une touche citronnée subtile d'orange pour un éclat lumineux et juteux.
Le cœur s'épanouit en un bouquet floral sophistiqué : jasmin velouté et patchouli terreux, relevé d'une note de mandarine pour une sophistication uplifting et légèrement fruitée.
Le fond enveloppe la peau d'une chaleur addictive et audacieuse : ambre résineux, cuir souple et sensuel, oud boisé fumé et musc propre – une base orientale puissante qui donne à cette rose une allure ""chaqueta de cuero"" (veste de cuir), rebelle et magnétique.
Mystique Roses est souvent décrit comme un excellent dupe (très proche) de Montale Roses Musk : rose dominante, cuirée-orientale, musquée sensuelle avec une belle profondeur. Parfait pour les femmes qui aiment les fragrances florales puissantes, féminines mais audacieuses, avec une vibe luxueuse et mystérieuse. Idéal automne/hiver, soirées, occasions spéciales ou comme signature envoûtante – il laisse un sillage captivant et durable.
Famille olfactive : Floral – Cuiré – Oriental / Ambré
Longévité : Excellente (8-12h+ selon avis, beast mode oriental typique Volare)
Projection : Forte, sillage puissant et sensuel
Occasions : Automne/Hiver, soirées, rendez-vous, événements élégants
Style : Féminin sophistiqué, rebelle-romantique, luxe accessible oriental",24,Auction,25,20 to <100 grams,,Not Hazmat,New,,,,,,,,,,
Beauty,Fragrances,Volaré Pure Blossom – Eau de Parfum Unisexe 100 ml | Cerise Noire Gourmande & Amande Amère – Excellent Dupe de Tom Ford Lost Cherry,"Succombez à la tentation addictive de Pure Blossom de Volaré, un Eau de Parfum unisexe qui transforme chaque pulvérisation en une explosion de gourmandise fruitée sophistiquée et sensuelle.
Dès l'ouverture, c'est un plongeon juteux et irrésistible : cerise noire ultra-réaliste et intense, amande amère croquante et liqueur de cerise noire sombre et enivrante – un démarrage sucré, fruité et légèrement boozy qui évoque un cocktail luxueux et interdit.
Le cœur s'épanouit avec élégance : rose veloutée et subtile qui apporte une touche florale romantique, équilibrant la gourmandise sans alourdir.
Le fond enveloppe la peau d'une douceur crémeuse et persistante : tonka bean amandée, baume du Pérou résineux et chaud, santal crémeux, cèdre boisé sec et vétiver terreux – une base smoky-sweet qui contraste parfaitement avec la cerise, pour un sillage séduisant, mature et longue durée.
Pure Blossom est unanimement reconnu comme un dupe très fidèle (souvent 85-95% similaire) de Tom Ford Lost Cherry : cerise noire dominante, amande amère, liqueur boozy, rose et fond gourmand ambré – mais à un prix ultra-accessible et avec une performance souvent jugée ""beast mode"". Parfait pour les amateurs de fragrances gourmandes fruitées, sexy et unisexes avec une vibe ""dark cherry luxury"". Idéal automne/hiver, soirées, dates ou occasions spéciales – il séduit hommes et femmes qui veulent un parfum captivant, addictif et compliment-magnet.
Famille olfactive : Gourmand Fruité – Boozy / Ambré Floral
Longévité : Excellente (8-12h+ sur peau, très forte sur vêtements)
Projection : Forte au départ, sillage puissant et séduisant
Occasions : Automne/Hiver, soirées, rendez-vous, événements
Style : Luxe gourmand, sensuel, mature, unisexe audacieux",36,Auction,25,20 to <100 grams,,Not Hazmat,New,,,,,,,,,,
Beauty,Fragrances,Véracité Noir,,12,Auction,25,20 to <100 grams,,Not Hazmat,New,,,,,,,,,,
